stratum,lineage,head,seed,K,forget_id,update_mode,dose,protocol,epochs_recorded,first_zero_epoch,centred_reversal_ep1,centred_reversal_any_epoch,centred_reversal_epochs,uncentred_reversal_any,nc3_centred_ep0,source_artifact,reused_elsewhere
A controlled nested sweep,faces-nested (casia-webface-folders; min40/max50),ce,0,100,0,classifier_only,m=9 active forget steps/epoch; lambda=1; per-cell reseed,random_label_clfonly; 3 epochs,0;1;2;3,1,False,False,-,False,0.8701082937546062,logs_classcount/K100/unlearn/faces_ce_seed0_random_label_clfonly_fc0,bitwise-identical replay in logs_classcount_decomposition/
A controlled nested sweep,faces-nested (casia-webface-folders; min40/max50),ce,0,100,29,classifier_only,m=9 active forget steps/epoch; lambda=1; per-cell reseed,random_label_clfonly; 3 epochs,0;1;2;3,2,False,False,-,False,0.8616787413457216,logs_classcount/K100/unlearn/faces_ce_seed0_random_label_clfonly_fc29,bitwise-identical replay in logs_classcount_decomposition/
A controlled nested sweep,faces-nested (casia-webface-folders; min40/max50),ce,0,100,60,classifier_only,m=9 active forget steps/epoch; lambda=1; per-cell reseed,random_label_clfonly; 3 epochs,0;1;2;3,1,False,False,-,False,0.8420344740702896,logs_classcount/K100/unlearn/faces_ce_seed0_random_label_clfonly_fc60,bitwise-identical replay in logs_classcount_decomposition/
A controlled nested sweep,faces-nested (casia-webface-folders; min40/max50),ce,0,100,95,classifier_only,m=9 active forget steps/epoch; lambda=1; per-cell reseed,random_label_clfonly; 3 epochs,0;1;2;3,1,False,False,-,False,0.818477679133266,logs_classcount/K100/unlearn/faces_ce_seed0_random_label_clfonly_fc95,bitwise-identical replay in logs_classcount_decomposition/
A controlled nested sweep,faces-nested (casia-webface-folders; min40/max50),arcface,0,100,0,classifier_only,m=9 active forget steps/epoch; lambda=1; per-cell reseed,random_label_clfonly; 3 epochs,0;1;2;3,2,False,False,-,False,0.9790890601472682,logs_classcount/K100/unlearn/faces_arcface_seed0_random_label_clfonly_fc0,bitwise-identical replay in logs_classcount_decomposition/
A controlled nested sweep,faces-nested (casia-webface-folders; min40/max50),arcface,0,100,29,classifier_only,m=9 active forget steps/epoch; lambda=1; per-cell reseed,random_label_clfonly; 3 epochs,0;1;2;3,3,False,False,-,False,0.9368128075948416,logs_classcount/K100/unlearn/faces_arcface_seed0_random_label_clfonly_fc29,bitwise-identical replay in logs_classcount_decomposition/
A controlled nested sweep,faces-nested (casia-webface-folders; min40/max50),arcface,0,100,60,classifier_only,m=9 active forget steps/epoch; lambda=1; per-cell reseed,random_label_clfonly; 3 epochs,0;1;2;3,1,False,False,-,False,0.7382479609812342,logs_classcount/K100/unlearn/faces_arcface_seed0_random_label_clfonly_fc60,bitwise-identical replay in logs_classcount_decomposition/
A controlled nested sweep,faces-nested (casia-webface-folders; min40/max50),arcface,0,100,95,classifier_only,m=9 active forget steps/epoch; lambda=1; per-cell reseed,random_label_clfonly; 3 epochs,0;1;2;3,NOT_ATTAINED,False,False,-,False,0.704540387900574,logs_classcount/K100/unlearn/faces_arcface_seed0_random_label_clfonly_fc95,bitwise-identical replay in logs_classcount_decomposition/
A controlled nested sweep,faces-nested (casia-webface-folders; min40/max50),ce,0,250,0,classifier_only,m=9 active forget steps/epoch; lambda=1; per-cell reseed,random_label_clfonly; 3 epochs,0;1;2;3,1,False,False,-,False,0.8274994088571493,logs_classcount/K250/unlearn/faces_ce_seed0_random_label_clfonly_fc0,bitwise-identical replay in logs_classcount_decomposition/
A controlled nested sweep,faces-nested (casia-webface-folders; min40/max50),ce,0,250,29,classifier_only,m=9 active forget steps/epoch; lambda=1; per-cell reseed,random_label_clfonly; 3 epochs,0;1;2;3,1,False,False,-,False,0.8560512788541546,logs_classcount/K250/unlearn/faces_ce_seed0_random_label_clfonly_fc29,bitwise-identical replay in logs_classcount_decomposition/
A controlled nested sweep,faces-nested (casia-webface-folders; min40/max50),ce,0,250,60,classifier_only,m=9 active forget steps/epoch; lambda=1; per-cell reseed,random_label_clfonly; 3 epochs,0;1;2;3,1,False,False,-,False,0.823240952305248,logs_classcount/K250/unlearn/faces_ce_seed0_random_label_clfonly_fc60,bitwise-identical replay in logs_classcount_decomposition/
A controlled nested sweep,faces-nested (casia-webface-folders; min40/max50),ce,0,250,95,classifier_only,m=9 active forget steps/epoch; lambda=1; per-cell reseed,random_label_clfonly; 3 epochs,0;1;2;3,1,False,False,-,False,0.8012715888865742,logs_classcount/K250/unlearn/faces_ce_seed0_random_label_clfonly_fc95,bitwise-identical replay in logs_classcount_decomposition/
A controlled nested sweep,faces-nested (casia-webface-folders; min40/max50),arcface,0,250,0,classifier_only,m=9 active forget steps/epoch; lambda=1; per-cell reseed,random_label_clfonly; 3 epochs,0;1;2;3,2,False,False,-,False,0.952674623555041,logs_classcount/K250/unlearn/faces_arcface_seed0_random_label_clfonly_fc0,bitwise-identical replay in logs_classcount_decomposition/
A controlled nested sweep,faces-nested (casia-webface-folders; min40/max50),arcface,0,250,29,classifier_only,m=9 active forget steps/epoch; lambda=1; per-cell reseed,random_label_clfonly; 3 epochs,0;1;2;3,2,False,False,-,False,0.9856318064646046,logs_classcount/K250/unlearn/faces_arcface_seed0_random_label_clfonly_fc29,bitwise-identical replay in logs_classcount_decomposition/
A controlled nested sweep,faces-nested (casia-webface-folders; min40/max50),arcface,0,250,60,classifier_only,m=9 active forget steps/epoch; lambda=1; per-cell reseed,random_label_clfonly; 3 epochs,0;1;2;3,3,False,False,-,False,0.9734736405743771,logs_classcount/K250/unlearn/faces_arcface_seed0_random_label_clfonly_fc60,bitwise-identical replay in logs_classcount_decomposition/
A controlled nested sweep,faces-nested (casia-webface-folders; min40/max50),arcface,0,250,95,classifier_only,m=9 active forget steps/epoch; lambda=1; per-cell reseed,random_label_clfonly; 3 epochs,0;1;2;3,2,False,False,-,False,0.8386277252083785,logs_classcount/K250/unlearn/faces_arcface_seed0_random_label_clfonly_fc95,bitwise-identical replay in logs_classcount_decomposition/
A controlled nested sweep,faces-nested (casia-webface-folders; min40/max50),ce,0,1000,0,classifier_only,m=9 active forget steps/epoch; lambda=1; per-cell reseed,random_label_clfonly; 3 epochs,0;1;2;3,1,False,False,-,False,0.7887138019372109,logs_classcount/K1000/unlearn/faces_ce_seed0_random_label_clfonly_fc0,bitwise-identical replay in logs_classcount_decomposition/
A controlled nested sweep,faces-nested (casia-webface-folders; min40/max50),ce,0,1000,29,classifier_only,m=9 active forget steps/epoch; lambda=1; per-cell reseed,random_label_clfonly; 3 epochs,0;1;2;3,1,False,False,-,False,0.8280879175030784,logs_classcount/K1000/unlearn/faces_ce_seed0_random_label_clfonly_fc29,bitwise-identical replay in logs_classcount_decomposition/
A controlled nested sweep,faces-nested (casia-webface-folders; min40/max50),ce,0,1000,60,classifier_only,m=9 active forget steps/epoch; lambda=1; per-cell reseed,random_label_clfonly; 3 epochs,0;1;2;3,1,False,False,-,False,0.7810605048928971,logs_classcount/K1000/unlearn/faces_ce_seed0_random_label_clfonly_fc60,bitwise-identical replay in logs_classcount_decomposition/
A controlled nested sweep,faces-nested (casia-webface-folders; min40/max50),ce,0,1000,95,classifier_only,m=9 active forget steps/epoch; lambda=1; per-cell reseed,random_label_clfonly; 3 epochs,0;1;2;3,2,False,False,-,False,0.7006647290703788,logs_classcount/K1000/unlearn/faces_ce_seed0_random_label_clfonly_fc95,bitwise-identical replay in logs_classcount_decomposition/
A controlled nested sweep,faces-nested (casia-webface-folders; min40/max50),arcface,0,1000,0,classifier_only,m=9 active forget steps/epoch; lambda=1; per-cell reseed,random_label_clfonly; 3 epochs,0;1;2;3,1,False,False,-,False,0.8875037294191552,logs_classcount/K1000/unlearn/faces_arcface_seed0_random_label_clfonly_fc0,bitwise-identical replay in logs_classcount_decomposition/
A controlled nested sweep,faces-nested (casia-webface-folders; min40/max50),arcface,0,1000,29,classifier_only,m=9 active forget steps/epoch; lambda=1; per-cell reseed,random_label_clfonly; 3 epochs,0;1;2;3,1,False,False,-,False,0.9262243035113569,logs_classcount/K1000/unlearn/faces_arcface_seed0_random_label_clfonly_fc29,bitwise-identical replay in logs_classcount_decomposition/
A controlled nested sweep,faces-nested (casia-webface-folders; min40/max50),arcface,0,1000,60,classifier_only,m=9 active forget steps/epoch; lambda=1; per-cell reseed,random_label_clfonly; 3 epochs,0;1;2;3,2,False,False,-,False,0.9871800203442119,logs_classcount/K1000/unlearn/faces_arcface_seed0_random_label_clfonly_fc60,bitwise-identical replay in logs_classcount_decomposition/
A controlled nested sweep,faces-nested (casia-webface-folders; min40/max50),arcface,0,1000,95,classifier_only,m=9 active forget steps/epoch; lambda=1; per-cell reseed,random_label_clfonly; 3 epochs,0;1;2;3,1,False,False,-,False,0.9892936166730318,logs_classcount/K1000/unlearn/faces_arcface_seed0_random_label_clfonly_fc95,bitwise-identical replay in logs_classcount_decomposition/
B seed-1 replication,faces-nested (casia-webface-folders; min40/max50),ce,1,100,0,classifier_only,m=9 active forget steps/epoch; lambda=1; per-cell reseed,random_label_clfonly; 3 epochs,0;1;2;3,1,False,False,-,False,0.8443866360840486,runs/robustness/k100_seed1/20260917T151714Z_056b522/unlearning/faces_ce_seed1_random_label_clfonly_fc0,verbatim copy in evidence/k100_seed1/trajectories/seed1/
B seed-1 replication,faces-nested (casia-webface-folders; min40/max50),ce,1,100,29,classifier_only,m=9 active forget steps/epoch; lambda=1; per-cell reseed,random_label_clfonly; 3 epochs,0;1;2;3,1,False,False,-,False,0.8301482778927578,runs/robustness/k100_seed1/20260917T151714Z_056b522/unlearning/faces_ce_seed1_random_label_clfonly_fc29,verbatim copy in evidence/k100_seed1/trajectories/seed1/
B seed-1 replication,faces-nested (casia-webface-folders; min40/max50),ce,1,100,60,classifier_only,m=9 active forget steps/epoch; lambda=1; per-cell reseed,random_label_clfonly; 3 epochs,0;1;2;3,1,False,False,-,False,0.8222519133001325,runs/robustness/k100_seed1/20260917T151714Z_056b522/unlearning/faces_ce_seed1_random_label_clfonly_fc60,verbatim copy in evidence/k100_seed1/trajectories/seed1/
B seed-1 replication,faces-nested (casia-webface-folders; min40/max50),ce,1,100,95,classifier_only,m=9 active forget steps/epoch; lambda=1; per-cell reseed,random_label_clfonly; 3 epochs,0;1;2;3,1,False,False,-,False,0.8405530375198977,runs/robustness/k100_seed1/20260917T151714Z_056b522/unlearning/faces_ce_seed1_random_label_clfonly_fc95,verbatim copy in evidence/k100_seed1/trajectories/seed1/
B seed-1 replication,faces-nested (casia-webface-folders; min40/max50),arcface,1,100,0,classifier_only,m=9 active forget steps/epoch; lambda=1; per-cell reseed,random_label_clfonly; 3 epochs,0;1;2;3,2,False,False,-,False,0.9219315873428128,runs/robustness/k100_seed1/20260917T151714Z_056b522/unlearning/faces_arcface_seed1_random_label_clfonly_fc0,verbatim copy in evidence/k100_seed1/trajectories/seed1/
B seed-1 replication,faces-nested (casia-webface-folders; min40/max50),arcface,1,100,29,classifier_only,m=9 active forget steps/epoch; lambda=1; per-cell reseed,random_label_clfonly; 3 epochs,0;1;2;3,2,False,False,-,False,0.7556820621910747,runs/robustness/k100_seed1/20260917T151714Z_056b522/unlearning/faces_arcface_seed1_random_label_clfonly_fc29,verbatim copy in evidence/k100_seed1/trajectories/seed1/
B seed-1 replication,faces-nested (casia-webface-folders; min40/max50),arcface,1,100,60,classifier_only,m=9 active forget steps/epoch; lambda=1; per-cell reseed,random_label_clfonly; 3 epochs,0;1;2;3,1,False,False,-,False,0.7533854656936595,runs/robustness/k100_seed1/20260917T151714Z_056b522/unlearning/faces_arcface_seed1_random_label_clfonly_fc60,verbatim copy in evidence/k100_seed1/trajectories/seed1/
B seed-1 replication,faces-nested (casia-webface-folders; min40/max50),arcface,1,100,95,classifier_only,m=9 active forget steps/epoch; lambda=1; per-cell reseed,random_label_clfonly; 3 epochs,0;1;2;3,1,False,False,-,False,0.9719784147666561,runs/robustness/k100_seed1/20260917T151714Z_056b522/unlearning/faces_arcface_seed1_random_label_clfonly_fc95,verbatim copy in evidence/k100_seed1/trajectories/seed1/
C historical faces-1000,faces-1000 (same source dir; different forget ids),ce,0,1000,0,classifier_only,UNCONTROLLED (forget term on every retain step); lambda=1,random_label_clfonly; 3 epochs,0;1;2;3,1,False,False,-,False,0.7887138019372109,logs/faces_ce_seed0_random_label_clfonly_fc0,
C historical faces-1000,faces-1000 (same source dir; different forget ids),ce,0,1000,122,classifier_only,UNCONTROLLED (forget term on every retain step); lambda=1,random_label_clfonly; 3 epochs,0;1;2;3,1,False,False,-,False,0.8211672542838008,logs/faces_ce_seed0_random_label_clfonly_fc122,
C historical faces-1000,faces-1000 (same source dir; different forget ids),ce,0,1000,389,classifier_only,UNCONTROLLED (forget term on every retain step); lambda=1,random_label_clfonly; 3 epochs,0;1;2;3,1,False,False,-,False,0.7864641460591538,logs/faces_ce_seed0_random_label_clfonly_fc389,
C historical faces-1000,faces-1000 (same source dir; different forget ids),ce,0,1000,794,classifier_only,UNCONTROLLED (forget term on every retain step); lambda=1,random_label_clfonly; 3 epochs,0;1;2;3,1,False,False,-,False,0.8507749281321405,logs/faces_ce_seed0_random_label_clfonly_fc794,
C historical faces-1000,faces-1000 (same source dir; different forget ids),arcface,0,1000,0,classifier_only,UNCONTROLLED (forget term on every retain step); lambda=1,random_label_clfonly; 3 epochs,0;1;2;3,1,False,False,-,False,0.8875037294191552,logs/faces_arcface_seed0_random_label_clfonly_fc0,
C historical faces-1000,faces-1000 (same source dir; different forget ids),arcface,0,1000,122,classifier_only,UNCONTROLLED (forget term on every retain step); lambda=1,random_label_clfonly; 3 epochs,0;1;2;3,1,False,False,-,False,0.9501892962922934,logs/faces_arcface_seed0_random_label_clfonly_fc122,
C historical faces-1000,faces-1000 (same source dir; different forget ids),arcface,0,1000,389,classifier_only,UNCONTROLLED (forget term on every retain step); lambda=1,random_label_clfonly; 3 epochs,0;1;2;3,1,False,False,-,False,0.8539138219574609,logs/faces_arcface_seed0_random_label_clfonly_fc389,
C historical faces-1000,faces-1000 (same source dir; different forget ids),arcface,0,1000,794,classifier_only,UNCONTROLLED (forget term on every retain step); lambda=1,random_label_clfonly; 3 epochs,0;1;2;3,1,False,False,-,False,0.9402727182585625,logs/faces_arcface_seed0_random_label_clfonly_fc794,
D historical faces-100,faces-100 SEPARATE lineage (casia-webface-folders-100id; min100; extraction seed UNRECORDED),ce,0,100,0,classifier_only,UNCONTROLLED (forget term on every retain step); lambda=1,random_label_clfonly; 3 epochs,0;1;2;3,1,False,False,-,False,0.9008863072218822,logs100/faces_ce_seed0_random_label_clfonly_fc0,
D historical faces-100,faces-100 SEPARATE lineage (casia-webface-folders-100id; min100; extraction seed UNRECORDED),ce,0,100,29,classifier_only,UNCONTROLLED (forget term on every retain step); lambda=1,random_label_clfonly; 3 epochs,0;1;2;3,1,False,False,-,False,0.9092399259112856,logs100/faces_ce_seed0_random_label_clfonly_fc29,
D historical faces-100,faces-100 SEPARATE lineage (casia-webface-folders-100id; min100; extraction seed UNRECORDED),ce,0,100,60,classifier_only,UNCONTROLLED (forget term on every retain step); lambda=1,random_label_clfonly; 3 epochs,0;1;2;3,1,False,False,-,False,0.8603456915548893,logs100/faces_ce_seed0_random_label_clfonly_fc60,
D historical faces-100,faces-100 SEPARATE lineage (casia-webface-folders-100id; min100; extraction seed UNRECORDED),ce,0,100,95,classifier_only,UNCONTROLLED (forget term on every retain step); lambda=1,random_label_clfonly; 3 epochs,0;1;2;3,1,False,False,-,False,0.9207086691055713,logs100/faces_ce_seed0_random_label_clfonly_fc95,
D historical faces-100,faces-100 SEPARATE lineage (casia-webface-folders-100id; min100; extraction seed UNRECORDED),arcface,0,100,0,classifier_only,UNCONTROLLED (forget term on every retain step); lambda=1,random_label_clfonly; 3 epochs,0;1;2;3,1,False,False,-,False,0.9615161647687248,logs100/faces_arcface_seed0_random_label_clfonly_fc0,
D historical faces-100,faces-100 SEPARATE lineage (casia-webface-folders-100id; min100; extraction seed UNRECORDED),arcface,0,100,29,classifier_only,UNCONTROLLED (forget term on every retain step); lambda=1,random_label_clfonly; 3 epochs,0;1;2;3,1,True,True,1;2;3,False,0.6855249751520363,logs100/faces_arcface_seed0_random_label_clfonly_fc29,
D historical faces-100,faces-100 SEPARATE lineage (casia-webface-folders-100id; min100; extraction seed UNRECORDED),arcface,0,100,60,classifier_only,UNCONTROLLED (forget term on every retain step); lambda=1,random_label_clfonly; 3 epochs,0;1;2;3,1,False,False,-,False,0.9970461115096244,logs100/faces_arcface_seed0_random_label_clfonly_fc60,
D historical faces-100,faces-100 SEPARATE lineage (casia-webface-folders-100id; min100; extraction seed UNRECORDED),arcface,0,100,95,classifier_only,UNCONTROLLED (forget term on every retain step); lambda=1,random_label_clfonly; 3 epochs,0;1;2;3,1,False,True,3,False,0.998138590519368,logs100/faces_arcface_seed0_random_label_clfonly_fc95,
E CIFAR-10 context,CIFAR-10 32x32,arcface,0,10,0,classifier_only,UNCONTROLLED (forget term on every retain step); lambda=1,random_label_clfonly; 3 epochs,0;1;2;3,1,True,True,1;2;3,False,0.9692081424938814,logs/postfix_seed0_clean/cifar10_arcface_seed0_random_label_clfonly_fc0,supersedes pre-LR-fix logs/cifar10_arcface_seed0_*
E CIFAR-10 context,CIFAR-10 32x32,arcface,1,10,0,classifier_only,UNCONTROLLED (forget term on every retain step); lambda=1,random_label_clfonly; 3 epochs,0;1;2;3,1,True,True,1;2;3,False,0.9975238553995364,logs/postfix_seed1/cifar10_arcface_seed1_random_label_clfonly_fc0,supersedes pre-LR-fix logs/cifar10_arcface_seed1_*
E CIFAR-10 context,CIFAR-10 32x32,ce,1,10,0,classifier_only,UNCONTROLLED (forget term on every retain step); lambda=1,random_label_clfonly; 3 epochs,0;1;2;3,1,False,False,-,False,0.9554597795493229,logs/cifar10_ce_seed1_random_label_clfonly_fc0,
E CIFAR-10 context,CIFAR-10 32x32,arcface,0,10,1,classifier_only,UNCONTROLLED (forget term on every retain step); lambda=1,random_label_clfonly; 3 epochs,0;1;2;3,1,True,True,1;2;3,False,0.9585164170115426,logs/postfix_seed0_clean/cifar10_arcface_seed0_random_label_clfonly_fc1,supersedes pre-LR-fix logs/cifar10_arcface_seed0_*
E CIFAR-10 context,CIFAR-10 32x32,arcface,1,10,1,classifier_only,UNCONTROLLED (forget term on every retain step); lambda=1,random_label_clfonly; 3 epochs,0;1;2;3,1,True,True,1;2;3,False,0.9371854434914939,logs/postfix_seed1/cifar10_arcface_seed1_random_label_clfonly_fc1,supersedes pre-LR-fix logs/cifar10_arcface_seed1_*
E CIFAR-10 context,CIFAR-10 32x32,ce,1,10,1,classifier_only,UNCONTROLLED (forget term on every retain step); lambda=1,random_label_clfonly; 3 epochs,0;1;2;3,1,False,False,-,False,0.9577698574805742,logs/cifar10_ce_seed1_random_label_clfonly_fc1,
E CIFAR-10 context,CIFAR-10 32x32,arcface,0,10,2,classifier_only,UNCONTROLLED (forget term on every retain step); lambda=1,random_label_clfonly; 3 epochs,0;1;2;3,1,True,True,1;2;3,False,0.9527785763856369,logs/postfix_seed0_clean/cifar10_arcface_seed0_random_label_clfonly_fc2,supersedes pre-LR-fix logs/cifar10_arcface_seed0_*
E CIFAR-10 context,CIFAR-10 32x32,arcface,1,10,2,classifier_only,UNCONTROLLED (forget term on every retain step); lambda=1,random_label_clfonly; 3 epochs,0;1;2;3,1,True,True,1;2;3,False,0.9993040278334863,logs/postfix_seed1/cifar10_arcface_seed1_random_label_clfonly_fc2,supersedes pre-LR-fix logs/cifar10_arcface_seed1_*
E CIFAR-10 context,CIFAR-10 32x32,ce,1,10,2,classifier_only,UNCONTROLLED (forget term on every retain step); lambda=1,random_label_clfonly; 3 epochs,0;1;2;3,1,False,False,-,False,0.967272804441075,logs/cifar10_ce_seed1_random_label_clfonly_fc2,
E CIFAR-10 context,CIFAR-10 32x32,arcface,0,10,3,classifier_only,UNCONTROLLED (forget term on every retain step); lambda=1,random_label_clfonly; 3 epochs,0;1;2;3,1,True,True,1;2;3,False,0.9695268638084419,logs/postfix_seed0_clean/cifar10_arcface_seed0_random_label_clfonly_fc3,supersedes pre-LR-fix logs/cifar10_arcface_seed0_*
E CIFAR-10 context,CIFAR-10 32x32,arcface,1,10,3,classifier_only,UNCONTROLLED (forget term on every retain step); lambda=1,random_label_clfonly; 3 epochs,0;1;2;3,1,True,True,1;2;3,False,0.9439537317728703,logs/postfix_seed1/cifar10_arcface_seed1_random_label_clfonly_fc3,supersedes pre-LR-fix logs/cifar10_arcface_seed1_*
E CIFAR-10 context,CIFAR-10 32x32,ce,1,10,3,classifier_only,UNCONTROLLED (forget term on every retain step); lambda=1,random_label_clfonly; 3 epochs,0;1;2;3,1,False,False,-,False,0.9623767600818837,logs/cifar10_ce_seed1_random_label_clfonly_fc3,
E CIFAR-10 context,CIFAR-10 32x32,ce,0,10,1,classifier_only,UNCONTROLLED (forget term on every retain step); lambda=1,random_label_clfonly; 3 epochs,0;1;2;3,1,False,False,-,False,0.9610299497832143,logs/cifar10_ce_seed0_random_label_clfonly_fc1,
E CIFAR-10 context,CIFAR-10 32x32,ce,0,10,2,classifier_only,UNCONTROLLED (forget term on every retain step); lambda=1,random_label_clfonly; 3 epochs,0;1;2;3,1,False,False,-,False,0.966312963785364,logs/cifar10_ce_seed0_random_label_clfonly_fc2,
E CIFAR-10 context,CIFAR-10 32x32,ce,0,10,3,classifier_only,UNCONTROLLED (forget term on every retain step); lambda=1,random_label_clfonly; 3 epochs,0;1;2;3,1,False,False,-,False,0.963267099071637,logs/cifar10_ce_seed0_random_label_clfonly_fc3,
E CIFAR-10 context,CIFAR-10 32x32,ce,0,10,0,classifier_only,UNCONTROLLED (forget term on every retain step); lambda=1,random_label_clfonly; 3 epochs,0;1;2;3,1,False,False,-,False,0.9513044546105804,logs/cifar10_ce_seed0/trajectory.jsonl (multi-row; its results.jsonl shares a file with a KNOWN MISLABELLED finetune_ep30 row),
F fc0 mechanism controls,CIFAR-10 32x32,arcface,0,10,0,classifier_only,UNCONTROLLED (forget term on every retain step); lambda=1,frozen member of a paired full-vs-frozen control,0;1;2;3,1,True,True,1;2;3,False,0.9692081424938814,logs/feature_movement_paired/cifar10_arcface_seed0_random_label_clfonly_fc0,REPEATED OBSERVATION of the stratum C/E fc0 cell under a different dose; NOT an independent cell
F fc0 mechanism controls,faces-1000 (same source dir),arcface,0,1000,0,classifier_only,UNCONTROLLED (forget term on every retain step); lambda=1,frozen member of a paired full-vs-frozen control,0;1;2;3,1,False,False,-,False,0.8875037294191552,logs/feature_movement_paired/faces_arcface_seed0_random_label_clfonly_fc0,REPEATED OBSERVATION of the stratum C/E fc0 cell under a different dose; NOT an independent cell
F fc0 mechanism controls,faces-1000 (same source dir),arcface,0,1000,0,classifier_only,m=9; lambda=0.3128888888888889,frozen member of a paired full-vs-frozen control,0;1;2;3,2,False,False,-,False,0.8875037294191552,logs/feature_movement_dose/faces_arcface_seed0_random_label_dualdose_clfonly_fc0,REPEATED OBSERVATION of the stratum C/E fc0 cell under a different dose; NOT an independent cell
F fc0 mechanism controls,faces-1000 (same source dir),arcface,0,1000,0,classifier_only,m=9; lambda=1,frozen member of a paired full-vs-frozen control,0;1;2;3,1,False,False,-,False,0.8875037294191552,logs/feature_movement_ablation/faces_arcface_seed0_random_label_m9_w1_clfonly_fc0,REPEATED OBSERVATION of the stratum C/E fc0 cell under a different dose; NOT an independent cell
F fc0 mechanism controls,faces-1000 (same source dir),arcface,0,1000,0,classifier_only,m=303; lambda=0.009293729372937293,frozen member of a paired full-vs-frozen control,0;1;2;3,2,False,False,-,False,0.8875037294191552,logs/feature_movement_ablation/faces_arcface_seed0_random_label_m303_coeffmatched_clfonly_fc0,REPEATED OBSERVATION of the stratum C/E fc0 cell under a different dose; NOT an independent cell
