cell_name,K,head,seed,forget_class,identity,epoch,n_centre_classes,n_present_classes,delta_centred_production,delta_centred_weight_only,delta_centred_centre_only,interaction_residual,delta_uncentred_production,nc3_centred_forget,nc3_centred_forget_epoch0,nc3_uncentred_forget,nc3_uncentred_forget_epoch0,forget_weight_angle_deg,forget_weight_norm_ratio,retain_centre_angle_deg,retain_centre_norm_ratio,centred_forget_weight_angle_deg,centred_forget_weight_norm_ratio
faces_arcface_seed0_random_label_clfonly_fc0,100,arcface,0,0,00001,1,99,100,0.0034620885079024166,0.0034618728792148445,7.649962518851972e-05,-7.628399650094764e-05,-0.0186690308306241,0.9825511486551706,0.9790890601472682,-0.9137343758441399,-0.8950653450135158,2.5183167667854116,1.0003625096302506,0.019782341029446364,0.9998777130967879,6.521493408070581,0.8928660805326493
faces_arcface_seed0_random_label_clfonly_fc0,100,arcface,0,0,00001,2,99,100,-0.000586730198813834,-0.0005261319502457562,0.00013507085347153058,-0.0001956691020396084,-0.027690135622303935,0.9785023299484543,0.9790890601472682,-0.9227554806358197,-0.8950653450135158,3.8284290015015734,1.0005471317673738,0.027976455118293345,0.9998392063252116,10.429848698008842,0.8403865984955404
faces_arcface_seed0_random_label_clfonly_fc0,100,arcface,0,0,00001,3,99,100,-0.004327928995020103,-0.004176948551601001,0.00016025221894211406,-0.00031123266236121605,-0.03172387600642912,0.974761131152248,0.9790890601472682,-0.9267892210199449,-0.8950653450135158,4.438002228404542,1.000456562417087,0.03956468264845247,0.9998226735265457,12.37120955814054,0.8163192714522329
faces_arcface_seed0_random_label_clfonly_fc29,100,arcface,0,29,00142,1,99,100,0.002423654111988416,0.002426354866871372,-6.392044101577454e-06,3.6912892186213853e-06,-0.03021858865497884,0.9392364617068301,0.9368128075948416,-0.9193976675119766,-0.8891790788569978,4.0763099559627864,1.0012603740839607,0.0,0.9999167059767602,2.2937106372741494,0.7534836372289022
faces_arcface_seed0_random_label_clfonly_fc29,100,arcface,0,29,00142,2,99,100,0.004676822860709473,0.0046451017953205165,6.61125993006717e-06,2.510980545888941e-05,-0.03928078775960209,0.9414896304555511,0.9368128075948416,-0.9284598666165998,-0.8891790788569978,5.437109770303176,1.0017012224182609,0.0,0.9999115566386485,3.607714755528977,0.6722147596915885
faces_arcface_seed0_random_label_clfonly_fc29,100,arcface,0,29,00142,3,99,100,0.006201490360235096,0.006158529062360141,4.767743573497185e-06,3.8193554301457766e-05,-0.0428288858125242,0.9430142979550767,0.9368128075948416,-0.932007964669522,-0.8891790788569978,5.992436888796735,1.0016135812409124,0.0,0.9998909592862015,4.324588215422488,0.6393225258832544
faces_arcface_seed0_random_label_clfonly_fc60,100,arcface,0,60,00284,1,99,100,-0.06695637838601165,-0.06691290284318341,-1.6275053862035982e-05,-2.720048896620586e-05,-0.026533325206413605,0.6712915825952226,0.7382479609812342,-0.9232429313321037,-0.8967096061256901,3.6834452781210123,1.0009949331202888,0.0,0.99996954919248,5.522190124874761,0.8304004846843039
faces_arcface_seed0_random_label_clfonly_fc60,100,arcface,0,60,00284,2,99,100,-0.10251531871489328,-0.1027035109809582,0.00013288715842640908,5.5305107638514706e-05,-0.03518150741264958,0.635732642266341,0.7382479609812342,-0.9318911135383396,-0.8967096061256901,5.013212139457766,1.0013505694833318,0.027976455118293345,0.9999760842972902,8.264911024724487,0.7735107613140951
faces_arcface_seed0_random_label_clfonly_fc60,100,arcface,0,60,00284,3,99,100,-0.12094864612874046,-0.12120264001066294,0.00017058488192001064,8.340900000247675e-05,-0.038747064647901897,0.6172993148524938,0.7382479609812342,-0.935456670773592,-0.8967096061256901,5.585038471385476,1.001260803535799,0.027976455118293345,0.9999671854311657,9.644305100147461,0.7502708168708035
faces_arcface_seed0_random_label_clfonly_fc95,100,arcface,0,95,00524,1,99,100,-0.0885393345720078,-0.08808908696577644,-0.0003085183388186197,-0.00014172926741273795,-0.02119647073923281,0.6160010533285663,0.704540387900574,-0.9137157616663074,-0.8925192909270746,2.836831879072356,1.0004921814864096,0.0,0.9999338927623453,6.868270312375171,0.8680041762545645
faces_arcface_seed0_random_label_clfonly_fc95,100,arcface,0,95,00524,2,99,100,-0.14596206494770703,-0.14507626534464757,-0.0005129826171837992,-0.0003728169858756569,-0.03099256281114049,0.558578322952867,0.704540387900574,-0.9235118537382151,-0.8925192909270746,4.260207058135304,1.000760296379917,0.027976455118293345,0.9998797099314828,10.983526837845634,0.8053291397642806
faces_arcface_seed0_random_label_clfonly_fc95,100,arcface,0,95,00524,3,99,100,-0.17402491857378877,-0.17278160204711157,-0.0006727204585754709,-0.0005705960681017253,-0.035089002870771324,0.5305154693267853,0.704540387900574,-0.9276082937978459,-0.8925192909270746,4.881262718248804,1.0006770409080812,0.027976455118293345,0.9998314544373298,12.921812512145838,0.778393544466203
faces_ce_seed0_random_label_clfonly_fc0,100,ce,0,0,00001,1,99,100,-0.09361258887196489,-0.09212530284649112,-0.0004572719964474059,-0.0010300140290263604,-0.2861765182910956,0.7764957048826413,0.8701082937546062,0.23192581349409078,0.5181023317851864,17.856335528532433,0.8778217121581436,7.341122271766195,0.9797359078856699,17.86527674443044,0.8776013346768166
faces_ce_seed0_random_label_clfonly_fc0,100,ce,0,0,00001,2,99,100,-0.12228153912389061,-0.12027749892663253,-0.000541296513120515,-0.0014627436841375685,-0.34747299669231646,0.7478267546307156,0.8701082937546062,0.1706293350928699,0.5181023317851864,21.456391171544848,0.865769933235693,8.671357735092101,0.9776375724761764,21.46809565034913,0.865519393978492
faces_ce_seed0_random_label_clfonly_fc0,100,ce,0,0,00001,3,99,100,-0.12811743359706684,-0.12600820078124964,-0.0005576055122749057,-0.0015516273035423023,-0.3590982262238139,0.7419908601575393,0.8701082937546062,0.1590041055613725,0.5181023317851864,22.13478511353545,0.8636749436179281,8.919185453271787,0.977161480251566,22.14703606257509,0.8634190495061266
faces_ce_seed0_random_label_clfonly_fc29,100,ce,0,29,00142,1,99,100,-0.09123523122228827,-0.08978452905372336,-0.0004504536111575863,-0.0010002485574073239,-0.27835371569800726,0.7704435101234334,0.8616787413457216,0.25925880728148165,0.5376125229794889,17.540683386087508,0.8720582207883588,7.450270655790376,0.9739589754386231,17.52695584097883,0.8719010487306164
faces_ce_seed0_random_label_clfonly_fc29,100,ce,0,29,00142,2,99,100,-0.12264128394266305,-0.1206199404506072,-0.0005434933506286432,-0.001477850141427206,-0.3454541737350443,0.7390374574030586,0.8616787413457216,0.19215834924444467,0.5376125229794889,21.496948193040442,0.8573337148572165,8.956224689209536,0.9706062770000335,21.481137021109472,0.857129495091768
faces_ce_seed0_random_label_clfonly_fc29,100,ce,0,29,00142,3,99,100,-0.1320335746228054,-0.12984234763590496,-0.0005705628860872558,-0.001620664100813185,-0.36370772270234525,0.7296451667229162,0.8616787413457216,0.17390480027714367,0.5376125229794889,22.563903813963147,0.8537498891539037,9.35695917789659,0.9696754811719713,22.547593219769226,0.8535325532732744
faces_ce_seed0_random_label_clfonly_fc60,100,ce,0,60,00284,1,99,100,-0.08547557894925895,-0.08411546866115027,-0.0004188095785347956,-0.0009413007095738779,-0.2755194069548814,0.7565588951210307,0.8420344740702896,0.2535456690049134,0.5290650759597948,17.299887013980783,0.8767950154063944,7.068578243779655,0.9780311943487203,17.30073682546193,0.8765243430934033
faces_ce_seed0_random_label_clfonly_fc60,100,ce,0,60,00284,2,99,100,-0.11495688077520838,-0.11306252280653684,-0.0005066233729756897,-0.0013877345956958553,-0.3409851252196311,0.7270775932950813,0.8420344740702896,0.18807995074016368,0.5290650759597948,21.15751721004953,0.8623559932335245,8.484731892564277,0.9752567063283489,21.15996769302775,0.8620344869251443
faces_ce_seed0_random_label_clfonly_fc60,100,ce,0,60,00284,3,99,100,-0.1229725898205829,-0.12093309938889407,-0.0005296877491941521,-0.0015098026824946764,-0.3572277567868507,0.7190618842497067,0.8420344740702896,0.1718373191729441,0.5290650759597948,22.10785933130869,0.859023017055804,8.829262048221793,0.974512908101288,22.11075382717832,0.8586892097867909
faces_ce_seed0_random_label_clfonly_fc95,100,ce,0,95,00524,1,99,100,-0.10904429278016914,-0.10737142804643507,-0.0005821082518933096,-0.00109075648184076,-0.29617303683064994,0.7094333863530968,0.818477679133266,0.24014691609678923,0.5363199529274392,18.562438970871966,0.8690547378260401,7.511936837009011,0.9767154262428993,18.550688341592465,0.8689511323611249
faces_ce_seed0_random_label_clfonly_fc95,100,ce,0,95,00524,2,99,100,-0.14360970926530636,-0.14133159625527225,-0.0006951458808523991,-0.0015829671291817116,-0.36567099398947844,0.6748679698679596,0.818477679133266,0.17064895893796073,0.5363199529274392,22.64003826800712,0.8552588166565265,8.984653720543069,0.9739259223029167,22.626336358196838,0.8551166367264782
faces_ce_seed0_random_label_clfonly_fc95,100,ce,0,95,00524,3,99,100,-0.1525965206866846,-0.15016262817454418,-0.0007241352740778861,-0.001709757238062548,-0.38205269908646816,0.6658811584465814,0.818477679133266,0.154267253840971,0.5363199529274392,23.594134294500456,0.8522925010415497,9.325124932142037,0.9732169580165432,23.58001790108637,0.852141226938471
faces_arcface_seed0_random_label_clfonly_fc0,1000,arcface,0,0,00001,1,999,1000,0.040480070238317345,0.03858305502322246,0.0017149815643259236,0.0001820336507689646,-0.032783722153517436,0.9279837996574726,0.8875037294191552,-0.9173360014682365,-0.884552279314719,4.345957233610924,0.9993184888061509,0.0,0.9989580836824836,6.1882085554499255,0.7137684957538262
faces_arcface_seed0_random_label_clfonly_fc0,1000,arcface,0,0,00001,2,999,1000,0.05045431441152948,0.045830829623415115,0.004085948846224041,0.0005375359418903214,-0.03950597614854179,0.9379580438306847,0.8875037294191552,-0.9240582554632608,-0.884552279314719,5.33391820827498,0.9978196994945427,0.048456642643301504,0.9975098921893333,8.044787890260446,0.6481066058524292
faces_arcface_seed0_random_label_clfonly_fc0,1000,arcface,0,0,00001,3,999,1000,0.05695703855711032,0.049519727533335,0.006460298834218836,0.000977012189556481,-0.04363264115791965,0.9444607679762655,0.8875037294191552,-0.9281849204726387,-0.884552279314719,5.961410820685196,0.9963145417820171,0.06852804325551864,0.9960478405622595,9.372573989209268,0.6063054849845877
faces_arcface_seed0_random_label_clfonly_fc29,1000,arcface,0,29,00142,1,999,1000,-0.04066919061628693,-0.03800054261753538,-0.001490743810935058,-0.001177904187816492,-0.03643984304582881,0.8855551128950699,0.9262243035113569,-0.9182773165518496,-0.8818374735060208,4.812632899050919,0.9997988437260172,0.027976455118293345,0.9989432778214911,5.5780862770464825,0.6833616983001624
faces_arcface_seed0_random_label_clfonly_fc29,1000,arcface,0,29,00142,2,999,1000,-0.05222466686333904,-0.04508507845590137,-0.0035178266617221787,-0.0036217617457154905,-0.04289175201395745,0.8739996366480178,0.9262243035113569,-0.9247292255199783,-0.8818374735060208,5.76510605185305,0.9982985063584767,0.05595291190411357,0.9975162841956077,6.978085157114382,0.6198205723354758
faces_arcface_seed0_random_label_clfonly_fc29,1000,arcface,0,29,00142,3,999,1000,-0.06085591223097453,-0.04840767505256394,-0.00565142757467707,-0.006796809603733522,-0.04687882630881046,0.8653683912803823,0.9262243035113569,-0.9287162998148313,-0.8818374735060208,6.373445000125691,0.9967921755079125,0.06561060592844098,0.9960378933893504,7.984262510670694,0.5790225345600747
faces_arcface_seed0_random_label_clfonly_fc60,1000,arcface,0,60,00284,1,999,1000,0.005569540378527638,0.005349440233818226,0.000500035262983034,-0.00027993511827362205,-0.03416590910976092,0.9927495607227396,0.9871800203442119,-0.9188931915473113,-0.8847272824375504,4.547991859899651,0.999495311448954,0.027976455118293345,0.998945390233045,5.598742023669024,0.7008786832334831
faces_arcface_seed0_random_label_clfonly_fc60,1000,arcface,0,60,00284,2,999,1000,0.005478957356704561,0.0052246543037434146,0.0011588489089905396,-0.0009045458560293929,-0.04077946547120648,0.9926589777009165,0.9871800203442119,-0.9255067479087569,-0.8847272824375504,5.52853891281172,0.997996067642808,0.048456642643301504,0.9975027972616913,7.146440228045794,0.6353971271168942
faces_arcface_seed0_random_label_clfonly_fc60,1000,arcface,0,60,00284,3,999,1000,0.0049856183452016145,0.004908341459037957,0.0017851314710257693,-0.0017078545848621118,-0.0448312389937523,0.9921656386894135,0.9871800203442119,-0.9295585214313027,-0.8847272824375504,6.149946253294616,0.9964903917143825,0.06852804325551864,0.99605134930279,8.239666399868732,0.5937005217320619
faces_arcface_seed0_random_label_clfonly_fc95,1000,arcface,0,95,00524,1,999,1000,0.0005130082658011403,0.0005244202227477901,0.0002891825831620176,-0.0003005945401086674,-0.03384737335395105,0.989806624938833,0.9892936166730318,-0.919138914868163,-0.885291541514212,4.51535814887941,0.9994127084330482,0.027976455118293345,0.9989446287667922,4.817799734636599,0.6999921670228916
faces_arcface_seed0_random_label_clfonly_fc95,1000,arcface,0,95,00524,2,999,1000,-0.0005883466777575341,-0.0003140599779697384,0.0006652365147638006,-0.0009395232145515964,-0.040532152736655114,0.9887052699952743,0.9892936166730318,-0.9258236942508671,-0.885291541514212,5.508296731525868,0.997914024575257,0.048456642643301504,0.9975137898472421,6.134114566498933,0.6331563049968897
faces_arcface_seed0_random_label_clfonly_fc95,1000,arcface,0,95,00524,3,999,1000,-0.0016584992833580392,-0.000940110459290322,0.001016096332724481,-0.0017344851567921982,-0.04454466148950886,0.9876351173896738,0.9892936166730318,-0.9298362030037208,-0.885291541514212,6.125191329252241,0.9964082909627409,0.07132624918176021,0.9960503224873767,7.042749611776892,0.5913728231423705
faces_ce_seed0_random_label_clfonly_fc0,1000,ce,0,0,00001,1,999,1000,-0.1281922017531245,-0.12800774574635798,-7.981947734780892e-05,-0.00010463652941872237,-0.2606868781792362,0.6605216001840863,0.7887138019372109,0.3300211443980865,0.5907080225773227,16.996746080425932,0.8512110790510836,13.285238302752903,0.899482173288172,16.99522724659399,0.8512096967919266
faces_ce_seed0_random_label_clfonly_fc0,1000,ce,0,0,00001,2,999,1000,-0.15188650804146664,-0.15166213379591464,-8.986970083024737e-05,-0.00013450454472174744,-0.300261850692196,0.6368272938957442,0.7887138019372109,0.29044617188512667,0.5907080225773227,19.395786930312944,0.8380059619205346,15.062787962799499,0.8897695558045335,19.394048929271488,0.8380033449566044
faces_ce_seed0_random_label_clfonly_fc0,1000,ce,0,0,00001,3,999,1000,-0.1683378312966336,-0.16808530359253604,-9.630159403073435e-05,-0.00015622611006682607,-0.3269055436095468,0.6203759706405773,0.7887138019372109,0.26380247896777587,0.5907080225773227,20.994142997588934,0.8297559278793879,16.23827712336655,0.883433804966191,20.992284156704468,0.8297524239029748
faces_ce_seed0_random_label_clfonly_fc29,1000,ce,0,29,00142,1,999,1000,-0.15066823020965947,-0.15044682594658532,-9.071056927656418e-05,-0.00013069369379759,-0.2803417294599113,0.677419687293419,0.8280879175030784,0.3303097171092173,0.6106514465691286,18.38547287865831,0.8365523727193442,15.553356360779773,0.8869058340842852,18.385992593038015,0.8365352791686861
faces_ce_seed0_random_label_clfonly_fc29,1000,ce,0,29,00142,2,999,1000,-0.18012885880652285,-0.17985666771403064,-0.00010235617418463683,-0.00016983491830757647,-0.32582223451860287,0.6479590586965556,0.8280879175030784,0.28482921205052575,0.6106514465691286,21.131898652550348,0.8218834234687448,17.745272679145263,0.8764910810271914,21.132552265547663,0.821864564584115
faces_ce_seed0_random_label_clfonly_fc29,1000,ce,0,29,00142,3,999,1000,-0.20068505449972518,-0.2003769855192311,-0.00010978154252283545,-0.00019828743797123405,-0.356603478352594,0.6274028630033532,0.8280879175030784,0.25404796821653464,0.6106514465691286,22.968354985252752,0.8128749717589003,19.19790585584942,0.86992129262556,22.96909886463122,0.8128550328130649
faces_ce_seed0_random_label_clfonly_fc60,1000,ce,0,60,00284,1,999,1000,-0.1283783874817943,-0.12819390912771733,-7.96477065335699e-05,-0.00010483064754340798,-0.26595751355049224,0.6526821174111028,0.7810605048928971,0.31553711492531733,0.5814946284758096,17.22535961108341,0.853950006808654,14.9739076832986,0.9040740068721799,17.226535875332935,0.8539419390503239
faces_ce_seed0_random_label_clfonly_fc60,1000,ce,0,60,00284,2,999,1000,-0.1513702544681481,-0.1511468161894286,-8.905178116969115e-05,-0.00013438649754982102,-0.3057050515855707,0.629690250424749,0.7810605048928971,0.27578957689023886,0.5814946284758096,19.628621686878507,0.8405267715234025,16.95020994850366,0.8954187218461899,19.6299737637998,0.8405185417581207
faces_ce_seed0_random_label_clfonly_fc60,1000,ce,0,60,00284,3,999,1000,-0.1661197268821677,-0.1658707458978601,-9.445439117006238e-05,-0.00015452659313752726,-0.33083183909113395,0.6149407780107294,0.7810605048928971,0.2506627893846756,0.5814946284758096,21.13392573724761,0.8324892854655508,18.17672120292457,0.8900671674161432,21.135393836951067,0.8324810261168242
faces_ce_seed0_random_label_clfonly_fc95,1000,ce,0,95,00524,1,999,1000,-0.14413783976906447,-0.1439426414895183,-9.79591198310148e-05,-9.723915971515673e-05,-0.2655355952839985,0.5565268893013143,0.7006647290703788,0.29853762739260514,0.5640732226766036,17.024587502504207,0.8632334147605982,14.372109377726096,0.9019515294772318,17.02497241982178,0.8632181543118965
faces_ce_seed0_random_label_clfonly_fc95,1000,ce,0,95,00524,2,999,1000,-0.16904972824746622,-0.16881570535060442,-0.00011023925791231459,-0.00012378363894949285,-0.30499194644833144,0.5316150008229126,0.7006647290703788,0.2590812762282722,0.5640732226766036,19.392609051672252,0.8513365382204022,16.287641498258633,0.8930339759890812,19.39308216565063,0.8513197057917018
faces_ce_seed0_random_label_clfonly_fc95,1000,ce,0,95,00524,3,999,1000,-0.18485012106369358,-0.18459112067370353,-0.00011743600571167967,-0.00014156438427836981,-0.32963784988386463,0.5158146080066852,0.7006647290703788,0.23443537279273902,0.5640732226766036,20.857609892192944,0.8442658264969745,17.46575234946481,0.8875413017967039,20.858127838020337,0.8442480674250188
faces_arcface_seed0_random_label_clfonly_fc0,250,arcface,0,0,00001,1,249,250,0.013430744947541706,0.013435211571107386,-2.2994567888345863e-05,1.8527944322666023e-05,-0.03476770522203776,0.9661053685025827,0.952674623555041,-0.920327233717794,-0.8855595284957563,4.657155804029589,1.0010452768345541,0.027976455118293345,1.000032485142528,4.431819185224057,0.6933156453732799
faces_arcface_seed0_random_label_clfonly_fc0,250,arcface,0,0,00001,2,249,250,0.015285508513636081,0.015069550778768925,0.00015973620413489709,5.6221530732258884e-05,-0.040962100947288915,0.967960132068677,0.952674623555041,-0.9265216294430452,-0.8855595284957563,5.583002863719656,1.0007101616991199,0.03426402009603798,0.9998574014260754,5.449494167754401,0.63176097113716
faces_arcface_seed0_random_label_clfonly_fc0,250,arcface,0,0,00001,3,249,250,0.016389100218994535,0.01579869310461146,0.0004972671830096864,9.313993137338716e-05,-0.04471097288043757,0.9690637237740355,0.952674623555041,-0.9302705013761938,-0.8855595284957563,6.161634340846931,1.0003396377557612,0.03426402009603798,0.9995118267202171,6.172157002847413,0.5932487343108527
faces_arcface_seed0_random_label_clfonly_fc29,250,arcface,0,29,00142,1,249,250,-0.001438032236528164,-0.0014932316761328002,3.7555940126332565e-05,1.764349947830368e-05,-0.03744509944941865,0.9841937742280764,0.9856318064646046,-0.922647424768976,-0.8852023253195573,5.0457005349998765,1.0013985496949553,0.027976455118293345,1.0000395351827287,1.6742113870432023,0.6719738976850568
faces_arcface_seed0_random_label_clfonly_fc29,250,arcface,0,29,00142,2,249,250,-0.0010827720484620773,-0.0009809932141577882,-6.709017077122237e-05,-3.4688663533066766e-05,-0.04333278627060255,0.9845490344161425,0.9856318064646046,-0.9285351115901599,-0.8852023253195573,5.938216830228579,1.001060175991294,0.027976455118293345,0.9998280835538568,2.26952002605636,0.6137674296741925
faces_arcface_seed0_random_label_clfonly_fc29,250,arcface,0,29,00142,3,249,250,-0.0008019330442927686,-0.0004898493839511353,-0.0002118674231508244,-0.00010021623719080885,-0.04692758994109114,0.9848298734203118,0.9856318064646046,-0.9321299152606485,-0.8852023253195573,6.500562129265416,1.000688762042072,0.03956468264845247,0.9995283777493752,2.739240096781726,0.5770164040446489
faces_arcface_seed0_random_label_clfonly_fc60,250,arcface,0,60,00284,1,249,250,0.005550975564555749,0.005557013632901064,-2.5661366217955006e-05,1.962329787263961e-05,-0.032316191924718685,0.9790246161389329,0.9734736405743771,-0.9226601375918435,-0.8903439456671248,4.406200378490322,1.0008534767466624,0.0,1.000056456172144,3.783720791858984,0.7072473469219839
faces_arcface_seed0_random_label_clfonly_fc60,250,arcface,0,60,00284,2,249,250,0.00579433214900027,0.0056865681041582405,9.651103652297266e-05,1.1253008319056512e-05,-0.03852449845359107,0.9792679727233774,0.9734736405743771,-0.9288684441207159,-0.8903439456671248,5.348116676684448,1.00051904054906,0.019782341029446364,0.9998537068237702,4.7030295844211665,0.6441081291064642
faces_arcface_seed0_random_label_clfonly_fc60,250,arcface,0,60,00284,3,249,250,0.005764458675244333,0.005486566794815739,0.0002872030116691793,-9.311131240585802e-06,-0.042217445969482625,0.9792380992496215,0.9734736405743771,-0.9325613916366075,-0.8903439456671248,5.927313516703724,1.0001487244415164,0.027976455118293345,0.9995529432876468,5.321523399128738,0.6050004049682968
faces_arcface_seed0_random_label_clfonly_fc95,250,arcface,0,95,00524,1,249,250,-0.0012635520867978478,-0.001050744041736662,-0.00014696916040923824,-6.583888465194754e-05,-0.03560066258851047,0.8373641731215806,0.8386277252083785,-0.9243642582689844,-0.8887635956804739,4.858937096409773,1.0012218522217502,0.027976455118293345,1.0000400958851654,1.4319016302077874,0.6837121894400615
faces_arcface_seed0_random_label_clfonly_fc95,250,arcface,0,95,00524,2,249,250,-0.005341318869186762,-0.0056876111093803194,0.00022140248032542775,0.00012488975986812978,-0.04149273388219943,0.8332864063391917,0.8386277252083785,-0.9302563295626733,-0.8887635956804739,5.761909372960899,1.0008845754865339,0.03956468264845247,0.9998352484718483,1.8386663054780028,0.6247723818444125
faces_arcface_seed0_random_label_clfonly_fc95,250,arcface,0,95,00524,3,249,250,-0.008837362265827986,-0.010120409702733868,0.0007593859545496073,0.0005236614823562746,-0.04510381700256749,0.8297903629425505,0.8386277252083785,-0.9338674126830414,-0.8887635956804739,6.33363522383888,1.0005136170596274,0.03956468264845247,0.9995376653241265,2.174928840085942,0.5872457817198712
faces_ce_seed0_random_label_clfonly_fc0,250,ce,0,0,00001,1,249,250,-0.12073482115478162,-0.12002880695394158,-0.0002918161413490994,-0.00041419805949094446,-0.2596047542604506,0.7067645877023677,0.8274994088571493,0.32761903248486746,0.587223786745318,16.876820031988995,0.8550812161902135,6.583353559166785,0.9764488180219787,16.867018349830985,0.8550991482279656
faces_ce_seed0_random_label_clfonly_fc0,250,ce,0,0,00001,2,249,250,-0.13820865707026553,-0.13738322271393566,-0.00031991110022722147,-0.0005055232561026468,-0.2903081925547105,0.6892907517868838,0.8274994088571493,0.29691559419060753,0.587223786745318,18.73500661634675,0.8452643432221243,7.221946170717637,0.9745214373034569,18.724115807039475,0.8452789683003602
faces_ce_seed0_random_label_clfonly_fc0,250,ce,0,0,00001,3,249,250,-0.15302543279630543,-0.15209771157255148,-0.0003426297417287172,-0.0005850914820252351,-0.3154161264175396,0.6744739760608439,0.8274994088571493,0.2718076603277785,0.587223786745318,20.240650961484164,0.8379744777505147,7.731267099706263,0.9729919117993243,20.228920667513215,0.8379860218065993
faces_ce_seed0_random_label_clfonly_fc29,250,ce,0,29,00142,1,249,250,-0.09231389129384326,-0.09173307099184613,-0.0001965366345886288,-0.0003842836674085026,-0.24259172347079055,0.7637373875603113,0.8560512788541546,0.3853875835857172,0.6279793070565077,16.280175469869533,0.8456081330891312,6.884642837208542,0.9791109111098173,16.289102647587622,0.8454897288447433
faces_ce_seed0_random_label_clfonly_fc29,250,ce,0,29,00142,2,249,250,-0.11393077905408866,-0.11319025872769062,-0.0002257661020136359,-0.0005147542243844061,-0.28479839487911907,0.7421204998000659,0.8560512788541546,0.34318091217738866,0.6279793070565077,18.883265380603135,0.8300566819093069,7.8359650115243245,0.9769666188639287,18.89397284206971,0.8299282565850351
faces_ce_seed0_random_label_clfonly_fc29,250,ce,0,29,00142,3,249,250,-0.1312252498424371,-0.13035537963383692,-0.0002477053671525731,-0.0006221648414476144,-0.31658529047747674,0.7248260290117174,0.8560512788541546,0.311394016579031,0.6279793070565077,20.81623043087815,0.8198806962756914,8.523367811643077,0.9754630710712444,20.82829714973571,0.8197456492637215
faces_ce_seed0_random_label_clfonly_fc60,250,ce,0,60,00284,1,249,250,-0.10311634922198287,-0.10250298202959796,-0.00024169753427072393,-0.00037166965811419317,-0.2498782928014564,0.7201246030832651,0.823240952305248,0.3325606804397367,0.5824389732411931,16.241146882778796,0.8587250615929414,6.70288295370993,0.9827678635443122,16.252315929276232,0.85864178064646
faces_ce_seed0_random_label_clfonly_fc60,250,ce,0,60,00284,2,249,250,-0.12332176190900479,-0.12256874089094194,-0.00027354039725757673,-0.00047948062080527265,-0.2873069262789445,0.6999191903962432,0.823240952305248,0.2951320469622486,0.5824389732411931,18.515586859095304,0.8463227005795613,7.525795290200944,0.9812035326951483,18.528551902151673,0.846236121269845
faces_ce_seed0_random_label_clfonly_fc60,250,ce,0,60,00284,3,249,250,-0.13743554004757863,-0.13658350082394333,-0.00029428982729817754,-0.0005577493963371261,-0.31257210712605793,0.6858054122576693,0.823240952305248,0.26986686611513516,0.5824389732411931,20.03651411060635,0.8388488082570159,8.064797822786034,0.9801699022744621,20.05066333755053,0.8387615817291231
faces_ce_seed0_random_label_clfonly_fc95,250,ce,0,95,00524,1,249,250,-0.10485505033914311,-0.104206905223728,-0.00022920846126250893,-0.00041893665415260184,-0.26886726080114426,0.6964165385474311,0.8012715888865742,0.3286964595990522,0.5975637204001965,17.548273842701022,0.8458435982904344,6.751772295772441,0.9770884962992343,17.545204055991515,0.8457629731528765
faces_ce_seed0_random_label_clfonly_fc95,250,ce,0,95,00524,2,249,250,-0.12874089108492393,-0.12792218059409755,-0.0002637083559473563,-0.0005550021348790235,-0.31408932458579103,0.6725306978016503,0.8012715888865742,0.2834743958144054,0.5975637204001965,20.28557658550346,0.8316017671420384,7.666133284551407,0.9745920458652605,20.28227647777634,0.8315049075521685
faces_ce_seed0_random_label_clfonly_fc95,250,ce,0,95,00524,3,249,250,-0.145215201007467,-0.1442781450798034,-0.00028625664007142504,-0.000650799287592152,-0.3435489614215941,0.6560563878791073,0.8012715888865742,0.2540147589786024,0.5975637204001965,22.051212632105912,0.8235316595231257,8.242930390273616,0.9730128385032897,22.04779214772418,0.8234242663888206
